,id,created,subreddit,title,selftext,author,author_fullname,upvote_ratio,ups,num_comments
2,ys5cwy,2022-11-11,Animemes,I like old woman,,drappjuicynime,t2_3992xrsb,0.94,18205,257
3,e4shtq,2019-12-02,Animemes,Woman of culture,,Berzeck0,t2_17ydsadj,0.98,18511,514
4,c18p1y,2019-06-16,Animemes,Woman of culture,,OliviaMiaa,t2_4i1t5cj,0.98,26542,463
6,161r1jw,2023-08-26,Animemes,I love a woman who can kick my ass,,Solar_Patriot,t2_tifg10ag,0.98,7077,189
7,x8cjle,2022-09-07,Animemes,He likes woman who can kick his ass,,Independent_Tooth_23,t2_9gb8hku3,0.94,15930,182
9,htcqg4,2020-07-18,Animemes,[Contest] I can win woman heart too,,Mini_Knight,t2_208jf2,0.99,29480,224
10,plk0ba,2021-09-10,Animemes,Such a pitiful woman...,,Groutle,t2_axe5u2cd,0.96,5966,117
11,bjtwdo,2019-05-02,Animemes,A woman of culture,,6Kele,t2_18kh0ioe,0.99,9648,149
13,do833z,2019-10-28,Animemes,"Swallow this white stuff, WOMAN!",,NilsonTheSexy,t2_2ucu19hm,0.98,10634,127
15,hlo5t0,2020-07-05,Animemes,Iino is a woman of culture,,h45i31,t2_3tqig69a,0.98,10735,117
16,cpt8oh,2019-08-13,Animemes,The ideal woman's body according to (weeb) science,,Klemvor,t2_dwm6yu,0.98,10134,239
17,d04e0w,2019-09-05,Animemes,Man & Woman of culture,,Fandayo,t2_3k4qmsje,0.97,7303,124
18,gqtxhd,2020-05-26,Animemes,N.S.F.W = No Skin From Woman,,VegieCacarot,t2_2eo5ip0y,0.99,12602,188
21,o0wizc,2021-06-16,Animemes,That's a young looking old woman right there,,SpongeGirlWetPants,t2_akcqmkge,0.98,8159,107
24,g933lb,2020-04-27,Animemes,Your pfp is a woman though.....,,truetheuser,t2_zisci,0.99,4263,111
29,btcg11,2019-05-26,Animemes,"I'm a simple woman, I see cute girls, I ship them",,justynayume,t2_3cw7urri,0.97,12734,123
67,196epv3,2024-01-14,Animemes,I wanna be a feetburger... or I wanna eat one... idk...,,MenkyuKan_Twitch_VT,t2_pypqlthsd,0.8,3053,625
83,12kuw4r,2023-04-13,Animemes,Seriously what is wrong with some of you people,,Away-Net-7241,t2_g1sq54sy,0.96,6934,218
88,14vqbs6,2023-07-10,Animemes,Everyone needs some pat-pat,,littlestrapony,t2_2ea7r8df,0.97,7461,117
90,1736ui5,2023-10-08,Animemes,Why,,Trattfjant,t2_7u2bogqv,0.98,5672,155
94,zzxjbb,2022-12-31,Animemes,HEEEELP!!!,,-1entre12,t2_68w0qtvs,0.99,3821,118
104,15wi222,2023-08-20,Animemes,What are your hottest anime takes?,,SachiMod,t2_3tohusyk,0.97,2159,784
150,129kz2z,2023-04-02,Animemes,Most of you still would.,,G0dleft,t2_6izqlkjk,0.97,4914,349
158,jy8pud,2020-11-21,Animemes,Who's hotter?,,GUESSWH08206,t2_3wtx0dc1,0.94,19223,236
233,tf99rj,2022-03-16,teenagers,Do yâ€™all see the young woman or the old woman first?,,thebananaperson1,t2_bcbz802b,0.98,2425,567
236,198c83u,2024-01-16,teenagers,"Joined this sub as a man, signing off as a woman ðŸ˜­","I have come to a realization that I am
no longer a teen (devastating ik) at least I got something out of it, made some friends on this sub tho, love u people ðŸ«¶",ediblefriedrice,t2_601tout9,0.82,2759,807
244,t22bnp,2022-02-26,teenagers,"Ok imma just vent my opinions for a minute, idc if you like what I say or not","1, If I am describing somebody as a black person, I am not being racist. Like if I'm asking if a friend has seen someone, and I describe him by saying ""A tall black guy, wearing a blue hoodie,"" etc, I'm not being racist, I'm merely describing their looks. If I say something about the colors white and black, I am not a fucking racist, I am merely saying colors.

2, I don't care if you are gay, or lesbian, or bisexual, or whatever. You are still a human and I respect you. Just don't make 'gay' your personality, it's not an attractive thing imo.

3, No, I am not being sexist if I say ""Oh I didn't think that was a girl."" All I am saying is I'm surprised that it was a girl. Like for instance when I found out that Timmy Turner was voiced by a woman, I was suprised because I thought it was a little boy voicing him, not because I thought women couldn't be in the filming industry.

4, I do not care what your body type is. Large, skinny, tall, short, etc. But I have my preferences. I'm not body shaming if I don't want to date a larger woman, that's just not my preference. It's not what I find attractive.

5, idk how this is in people's heads, but I'll say it anyway. NO, I'M NOT HOMOPHOPIC IF I DONTWANT TO DATE A GUY! I am not gay, I do not find men attractive! Idc if you are that way orientated, never have. But I do not care to date a guy. I prefer the company of women.

6, If you're offended by this post, go ahead and downvote. I just wanted to vent about some stuff that's been pissing me off recently",WillsCorner4472,t2_i44jx1qj,0.9,3882,527
245,1585svz,2023-07-24,teenagers,I fascinated a woman with cheese,,IllegalFishButt,t2_f8xgw2o,0.98,3057,141
246,12b63fm,2023-04-04,teenagers,"Ugh, I hate being a woman online",Didn't even ask if they could send this to me!,TransLox,t2_u1jnaiag,0.95,1935,368
248,rv50bj,2022-01-03,teenagers,Do you see an old men or a young woman?,,Baba_Cmn,t2_btynmmw6,0.91,7024,888
252,bnhh68,2019-05-11,teenagers,Do NOT stick your dick in a woman!,"This woman was like 

â€œHey, stick your dick in meâ€

And I was like 

â€œFuck itâ€

And she was like

â€œExactlyâ€

So I did and it was ok but then I get this call from her a month later like 

â€œHey Iâ€™m worried â€

So I was like

â€œHey worried, Iâ€™m dadâ€

And she was like 

â€œHow did you know?â€

So now I kinda gotta hold down a job while in school and my parents wonâ€™t look me in the eye, I think theyâ€™re mad but idk.

So I guess this is just a warning, stick your dick in other stuff but women are kinda a no go, it costs a lot of money and itâ€™s not that great.

TLDR: donâ€™t stick ur dick in woman

EDIT: I lost 12 followers over this post lmao

EDIT: u/antihero008 told me I should have had a dick hat on",TheBanisherOfRegs,t2_oz87dgl,0.93,17335,490
253,cbazlq,2019-07-10,teenagers,â€˜Tis I woman,,BuddyBob21,t2_3wxcuciz,0.97,19009,121
254,ttmstr,2022-04-01,teenagers,being a woman unironically is awful,"i can barely have a conversation with any guy without them going ""im hard haha"" or some stupid shit like that. like how fucking difficult is it to keep it to yourself

im disappointed in the lot of you but not all of you

i would say you know who you are but you dont

the ones that apologize the most do like nothing wrong, and the ones that dont think they do anything wrong are the worst offenders

why the fuck is your self esteem that low?

god and i fucking hate tits, it hurts you know

its like wearing a heavy backpack for your whole life, i want to reduce that shit but i have no money

birth control kinda stops my period so its chill there but dear god if it wasnt.

fuck being a woman, its awful.

maybe i should say im a guy online",cumdrunkpoet,t2_kfpfbdxb,0.88,1281,659
255,164gq5j,2023-08-29,teenagers,God sometimes I hate being a woman,"I was literally about to take a fat shit until two girls walked into the restroom.. so In my mind Iâ€™m like okay lemme just wait for them to finish, fucking of course they donâ€™t finish and instead of fucking LEAVING they decide to make TikTokâ€™s and talk shit while hovering over my stall. I actually wanna fucking kill myself why do people do thisss like just leave  ðŸ˜©

Update since somehow this post got a lot of attention: As soon as I posted this they left and I was able to finally take my shit ðŸ˜„ðŸ‘",Armer101,t2_5r9dqu1n,0.99,1801,118
257,wsdge2,2022-08-19,teenagers,Woman are not real.,"Woman do not exist.

Right.So to start this off I (19M) am not an incel.

So I was hanging out with my cousin Vinny (18M) the other day when he told me ""mate if ya stay home all day on your Xbox going on Elden ring or whatever you will never get yoself a women.Go take a break from reddit and have a shower.""
This statement baffled me.
Firstly it is acshually a PC not a an Xbox (because im not some loser lol). And secondly I do not need to take a break from reddit AGAIN since I already vary my activities greatly.For example I have recently taken up moderating twelve discord servers at the same time and also tweet nineteen times a day.
But the really disturbing part was his last words.
He told me to take a ""shower"" (i am not entirely sure i believe in those either) and that I will never get a women.

What is this object he refers to as ""woman""?

I began scouring the internet and after much research I discovered that woman were those long haired versions of males you see out on the streets.Apparently 50% of the population is them.
This is the part that made me skeptical. If woman make up 50% of the population then how come none of them ever speak to me or touch me??!!!Coincidence? I think not.

Isn't it strange how the same people you see talking about ""women"" as you do discussing ""touching grass"" and ""going outside"".
I believe that Females are a conspiracy theory started by liberals being pulled of by holograms trying to persuade gamers like me to go outside, touch this so called ""grass"" and use these sketchy devices called ""showers"".

Females are not real. The only thing close to them are femboys.Otherwise,women are not real.
Us gamers must stick together and rise up against these conspiracies trying to stop us.
I rarely see any and when I do they never wanna interact with me.They're not real. Get over it. It's just a bunch of holograms.",_Black_Fox_,t2_5cvk73kg,0.94,894,271
259,yyj9ux,2022-11-18,teenagers,is calling a woman an 8 considered an insult?,So one of my female friends asked me to rate her looks from 1-100. I said 81 and she seems annoyed with me ever since. Any advice?,Some-Register-3901,t2_jzmtozp8,0.96,1171,449
264,pyot3o,2021-09-30,teenagers,That's all I ask for in a woman ðŸ’”,,_TheCrawlingChaos__,t2_9xyu8yxp,0.97,6825,140
265,cf1sik,2019-07-19,teenagers,Don't be like Kyle Snoo - Respect woman *Ë¡áµ’â¿áµ á¶œáµ’áµá¶¦á¶œ*,,The-Proxie,t2_1x8j1xij,0.95,9953,289
267,sf63xn,2022-01-29,teenagers,I fucking hate how woman think they canâ€™t sexually assault other women.,"Full disclosure, Iâ€™m a bisexual 16 year old woman.

Iâ€™ve run into to so many instances where other women (usually close straight friends) think itâ€™s okay to touch and grope my body without asking.
It happens too often, even when I dress â€˜modestlyâ€™, my chest, back, waist and ass are all assumed to be anyones but my own. 

I hate it. It makes me feel weird in my own body. I feel like I have to cover up.  It genuinely creates so much anxiety.

Itâ€™s really weird because usually women are much more sexually and mentally mature than men in these scenarios, and itâ€™s so weird that weâ€™ve taken a step back here.

Edit: Communicating it every time to every new friend I make is tiring and doesnâ€™t even work half the time. God I wish they just understood.",OkQuiet2357,t2_d29guhmq,0.96,4827,259
270,t9wnup,2022-03-09,teenagers,POV: you are woman on Reddit and the pedos found your page,,thatonefrogbitch,t2_askoi7wu,0.98,1907,404
271,iyvysd,2020-09-24,teenagers,Don't forget the simps giving gold because one of us is a woman,,DHdes450,t2_2u9cnr8l,0.98,24394,189
272,15z41ko,2023-08-23,teenagers,"Apparently boys arenâ€™t scared of needles, and woman canâ€™t have any visible body hair ðŸ’€","Like bruh 

MY ARMS ARE JUST SCRUFFY ðŸ˜­",Aeternum-Vivum,t2_buai8ec0c,0.98,1396,341
276,n395p0,2021-05-02,teenagers,I got called a sexist,"So basically I work at this local grocery store and I have this old aged man (probably in his 70s) come to the store every week to buy groceries.

Usually he doesn't buy alot of stuff because I think he lives with just his wife, who accompanies him a few times, today he was all excited and bought alot of stuff (he told me his daughter was visiting after 2 years) so because he bought alot of stuff, I could see him struggling trying to pick up the bags, so I offered to help him and took the bags to his car.

The next woman comes over and gets the billing done and when I told her the total she says, ""wow, you are charging me way too much"" but she gave me her card, next she says ""gets this to my car, will you"" and I replied that I was busy so I won't be able to help her and she has the nerve to say, ""but you took it to the car for that man, you sexist, I'll just take it myself"" and I just told her to piss off.

Like seriously karen fuck off, idfc if you don't visit anymore like you're not even a regular.",GaRv_0905,t2_8ti22y55,0.98,8960,153
284,rvd6pc,2022-01-03,teenagers,Do you see an old man or a young woman?,,MyZt_Benito,t2_32kid1qx,0.96,2205,130
286,tugwgu,2022-04-02,teenagers,Describe the perfect woman for you and weâ€™ll see if itâ€™s realistic or notâ€¦,Saw a post like this but about males. Thought we should see both sides,vadtgyt,t2_ed8dydd4,0.97,1300,1060
289,cned5f,2019-08-08,teenagers,Props to this random woman I just saw at an anti-gun rally for bein a total non-boomer,,TristAndShout,t2_2bc0r3h0,0.93,10051,503
293,132k1bo,2023-04-29,teenagers,I used to be a man trapped in a woman's body. Then I was born.,,Void_Eclipse,t2_e9nbtzv2,0.93,1448,123
319,cv8vbr,2019-08-25,teenagers,some racist woman thought I was syrian and tried to get me kicked out of a store,"tl;dr is in the title, dumbass.     
Ok, to preface the story, I am a young black male, but only like half black, so I kinda look like a Syrian (just kinda). A lot of Syrians and Arabs have tried talking to me in their language, and I just kinda have to say ""sorry bro I only speak English and German"", but I have never experienced something like in this story.            
So I was in an electronics store in Germany called Saturn, just looking around. I see some laptops with 144hz and 3ms monitors, and I think ""damn, those are thin af!"" so I go over to look at their specs and stuff, and while I am, some old woman (in normal clothes, no uniform) came over to me and pulls out her phone. My first thought: "" Oh god oh fuck please don't ask me for advice with your phone rn I'm really not bothered, I just wanted to look at the new games on sale."" The woman says: ""Hey, you better not start with your Arabic shit, ok?""     
(Side note: this didn't really annoy me because i have experienced a lot of *kinda-racist* moments, but not to the point where the people actually hate me because I'm black)        
So I'm just kinda standing there, still asking her in my head to not annoy me, when she says ""My coworker just told me that you were typing some stuff in a foreign language, and that doesn't work here. you're gonna have to leave."" (remember, I wasn't touching the laptops, just looking at the info)            
so at this point she didn't say what I thought she was gonna say, so I kinda have to process it for a second. and after like 20 seconds of me staring her dead in the eyes, widemouthed, I burst out laughing and walk away. while I'm walking, this woman is like ""bruh you still have to leave"".
Me: ""bruh im not Syrian or Turkish or Arabic. I was born in germany, my mom is German, and the only reason I'm black is because my dad is. you are so fkn dumb please leave me alone""             
at this point the woman is staring with a real ""oh shit"" face, and then walks away. do I go to look at some computer parts and tell my dad about the story. and then, while browsing through video games, I have the revolutionary thought: ""yo if this racist ass woman wants to kick me out for no reason, imma make sure that she gets kicked out."" so I walk over to security and while doing so, I see the racist woman walking over to me. I therefore hurry up to get to security, but it's not worth it, as the woman interrupts me right after I said ""excuse me, sir"". she tells me that her 'co-worker' is ""so terribly sorry"". so this time I cut **her** off and get pissed. so I ask her stuff like ""well why aren't foreigners allowed to type on the keyboards but Germans are"", ""why do you only want to apologise once you realise that I'm not an immigrant"" and ""well if your co-worker is **sooo** sorry, then he can apologise to me personally"". but then my dad comes over, screams ""YOU RACIST"" and dragged me outta there. he then lectured me that if someone is racist to me, I should just call em a racist and leave. I don't believe in that tho, coz you're gonna be pissed off afterwards, and imo, the best way to not become pissed off is to laugh it off, and in this case I was gonna make her feel like ""oh shit what have I gotten myself into"" and then laugh at her stupidity. it's even scientifically proven that if you laugh or smile while mad, you will get less mad",lolbro911,t2_2m951qwr,0.97,2306,176
324,11ixw86,2023-03-05,teenagers,Itâ€™s so fun as a man to try to date in a world where every womanâ€™s dating expectations are completely derived from staged couple videos on instagram or TikTok,,74mirai,t2_vqpru8vt,0.77,1754,660
386,jukcol,2020-11-15,teenagers,I made an old man cry at work today.,"This is kind of a big story, so let me start basic.  


I work at Kmart in a store in Australia, and our stores (dunno about other ones) have kiosks where you can upload photos from your phone and have them printed at the service desk. Anyway, I was working at the service desk today, scanning people's returns and trying to get through the busy Sunday shift. I hadn't noticed yet but standing in the que was a somewhat tall, a little hunched over old man with glasses that looked more like swimming goggles. It had been a busy and stressful day so far, so I was focusing on the task and didn't notice him yet.

I finished serving the customer and he walked up to me, very shyly.  
""Excuse me young man,"" he started, trying to gently get his old Iphone out of his pocket, ""could you please help me with the photo machines? I'm not very good with technology.""  
My first reaction was *""oh real clichÃ©, an old guy who needs tech help goes straight to the 16 year old.""* Luckily however, I made the decision to leave the rest of the people in the que for my workmates to serve, whilst I helped the customer.

We get to the kiosks and I immediately see the problem. He pulls his Iphone 4 out and he is starts to put his password in whilst holding the phone upside down.  
*This guy doesn't need help. He needs someone to do this for him,* I thought, as he passed me his phone which is opened to his emails.  
""Can you please print that photo?"" He says, as I look at what he has. It was a beautiful shot of some army-looking jets on a runway, with a symbol in the sunset and the caption *""1970-1989""* underneath. It was a stunning photo really, but trying to print it over emails would mean that the quality would be really poor. I told him that and he kept going ""Oh, that's alright.""

So I hooked up his phone, went through the options like sizing, glossy finished and whatnot. I asked him what he wanted, but he never gave me straight answers. ""Oh, if that's okay"" he always said. We settle with 3 custom prints of the planes.

But as I was scrolling through the options (I'm no expert at the photo kiosks) I accidentally pressed something and I see all 15 images he has on camera roll. A few of a small dog, quite a lot of someone's thumb, but there's about 7 images of a woman in there, taken August in 2019.

The woman looks about 80 like the old guy, she was much wider and larger that the guy and all the shots were of her sitting on a leather couch with several medals on the chest of her pink shirt. She looked quite unwell but she smiled in the photos.

Anyway, I think nothing of it and complete his purchase. That's the first time ever I have done someone's entire order for them.

We go back to the desk and I warn him that since the photo were saved through an email, the print quality might be a bit bad.  
""That's fine,"" he says, patiently holding his order slip. He payed the $3 and then said something all old people say like ""Oh you're help is worth more than that."" I can tell he is extremely thankful for my help and it makes me feel a little better as well.

One of the photos finish so I handed him one so he can look. And to no surprise, **the printing job looked terrible**, it was really low quality because of how emails compress image files.

I turned away and began putting his other two in a folder, somewhat disappointed in myself for how shit the photo quality was, before I turned and looked at him.  
He was staring at the sample I gave him, with his glasses on the bench and his face turned red. He wiped his eyes and sniffled, his gaze never lifting.  
""It's beautiful,"" he says, still locking eyes with the print.

Then he looks directly at me. His eyes are completely red and glistening in what I can only assume is happiness. I hand him his other two prints in the folder and I try to say ""That's everything"" or ""Thank you"" but my voice is lost. Personally, I am a very emotionally controlled person, but seeing this old person react like this broke me.

His voice was still cracking as he took the prints and began to walk away. I was lost for words, and then I found that my own vision was blurred. Continuously thanking me, and getting increasingly louder, he turned and broke into a burst of tears, walking away and holding the photo in front of him as he left my sight.

I was frozen solid, still processing what had just happened. Then it hit me. The photo of the old lady on his phone who was wearing the medals, had been taken over a year ago. The man had come in alone, quiet and shy with his only goal to print the photo of the jets in the sunset with the *""1970-1989""* caption. 

I might have just printed a memory of his wife.

End story.

Notes: I still have no idea whether that last part is true or not, but I can't stop thinking about how that all happened. If I wasn't there at the service desk when he was, if I hadn't of decided to help him order the photos, if I had just ignored him and told him that someone else would help him, would he have ever gotten those images of the planes?

I made a choice today: *Spend my time and effort to help this guy* or not.  
My whole life I have never felt like my choices or actions had ever affected anyone before. But I came home from work today completely silent, still thinking about how different that old guy's afternoon could have been if I had made the wrong choice.  
So I ask you, to make the right choices every day, because you have no idea how they are gonna affect other people.


Edit: I didnâ€™t realise I was that good at storytelling, apparently I made a few of you tear up lol.",Etho11098,t2_2gvifsvb,0.99,4912,177
404,rvbkp9,2022-01-03,teenagers,I have too many messages and canâ€™t reply anymore! So here is the final post about the old man and the young woman.,,Baba_Cmn,t2_btynmmw6,0.96,1067,145
446,279xdm,2014-06-04,MensRights,Why as I woman I agree with MRAs,"I am not going to say why I ""need"" MRAs - I am not a victim, I don't need anything but I can decide what I agree with and this subreddit has give me lots of material to work with.

I will make a list, those who are popular on tumblr, so any person who might be against MRAs pops in here can see why MRAs are not evil and that I am not a feminist who lost her tracks.

Feel free to add or correct. This is a list that explains why MRAs benefit everyone... I know a list of ""not everyone is like that"" will follow and I believe it is because even inside a movement nobody will ever agree or follow EVERYTHING. These are just some things I've noticed and MRAs allowed my thoughts to come to surface instead of labelling me as misogynyst. 

Before labelling me as misogynyst, stupid, racist, whatever let's discuss. Labels do nothing.

I support MRAs because...

- we don't have to race to which gender has it worse. We both have our issues and censorship and death threats to Men's Conferences are not a civil way of communicating.

- as a woman I don't want to be discriminated on workplace. Women, nowadays, sue for everything - from dirty jokes to being fired because they have power to do so. I don't want a company to be afraid of hiring me because I can destroy them with a sexual harrassment cause.

- for this same reason I don't want companies to be targeted by gold diggers who file a lawsuit because they were fired - I understand that everyone does their own business, but the level of selfishness and greediness is too much sometimes.

- women have to stop using kids to blackmail fathers.

- women have too much power in court when it comes to kids and divorces. Women's power over children is the reason why I am here, too many of them are allowed and not punished when doing their own selfish business at the expense of the whole family.

- divorced women with too much power over dads have led to awful childhoods with no option for the dad to help because he'd be in legal trouble if he did.

- joint parenthood means both parents can concentrate on children, jobs and themselves. That means both being breadwinners and houseparent.

- I do not want my future son to be trapped into paying for a child until he is 18 just because a woman he went to bed with lied about taking sexual contraceptives. I want men to have a say in sexual reproduction and not just be told to keep his wiener inside his pants. I trust that a man will take a daily pill if it's made available.

- I do not want to be treated as a child. That's what most feminist movements do. I can decide for myself what to believe and who to support. I've never been as respected for my beliefs as I am here, with MRA supporters.

- affirmative action removes bread from mouths of people who deserve it.

- I DO have responsabilities and I want to face them. I am responsible for my happiness and I don't need to blame men for everything that is wrong in the world, in history or in my life.

- to me equality does not mean simply looking at what is best in another group and claiming it as unconstitutional if I don't have the same rights. I do not expect more women to have affirmative actions to enter ""clean/not risky"" jobs while the number of male garbage collectors remains the same. Same goes with working/being a house mom - you have the choice and so should you SO.

- I want dangerous women to be properly punished by the law and consequently re-educated. Punishments do not have to be softer or non-existent because the accused person is a woman.

- I don't want my future son to be demonized for his sexual desires.

- I want my future son to pursue the career of his dreams - be it engineer, nurse or housedad, without being forced to be the breadwinner and accepting a job he likes less and that puts his health to risk.

- I don't want my future son to be blamed for (perceived) unequal pay but expected to pay for dates and all sorts of leisures.

- both my future's son and daughter lives will be equally important and a crime against one will not be more important than the other. 

- I am personally tired of women caring about their looks more than anyone else and blaming the rest of the world for being unhappy about them or when they are not held on pedestals for their beauty. Some women are appreciated by more men and some by less, it's called beauty and blaming others as ""vain"" for not appreciating your looks is vain and bitter... especially when you'd never date someone who earns less than you.

- women feel entitled to males' attention and demonize them when it's not given to them. When a woman chases a man and he doesn't return attraction he's labelled gay. When a man prefers a body type over another he's ""not a real man"" (especially when he doesn't like extra weight). But god forbid a woman date someone who has lower education or earns less than her.

- women should follow the same rules men do. If a job training requires hazing  or extra hours then we should not try to bend the rules for us.

- I don't want my future daughter to embrace victimhood but to raise her sleeves and works towards her success and help her family succeed as well.

- women have to be held responsible for the problems they cause through sexuality and their sexual power to the other gender. If a woman uses sex to bribe someone then both should be punished, not just the person taking advantage of sex. 

- I am not owed anything for V day unless we make BJ&stake day a national recurrence.

- women can be as guilty as men in all areas of life.

- women have to stop encouraging men to be violent then blaming them for it.

- I don't want men in my life to suffer because they are afraid to speak up and ask for help since everytime they ask all they get is a cold shoulder or a rant about men having privilege and power.

- there are dress codes and everyone is supposed to respect them. Dressing as if you are flaunting your sexuality at school or work (unless it's required) is not a synonim of freedom. In some places if you dress showing your sexual attributes you will not be taken seriously just like a man dressed in a tight spandew suit wouldn't be, so don't blame men because they can't keep their hormones straight. It's not about sex, it's about image. Dress however you like when you vlog or go clubbing, but keep it classy when you are in otherplaces where you have to follow a dress etiquette.

When men's problems involve not being listened to, being disposable and women having too much power we all suffer from it. ",DianaDewAsmr,t2_btbe1,0.89,533,210
447,ppkfjn,2021-09-16,MensRights,I was sexually harassed by a woman at work. I reported her to her male superior and I was crucified.,"I was hired to work in a profession where more men are needed, simply because many women do not want to do some of the work involved.

My immediate boss was a pushy woman who did not understand the concept of boundaries. For example, she made telephone calls at all hours. I immediately make friends and one of the people I got very friendly with was a woman - we totally had no romantic interest in each other - and she acted more like a drinking buddy.

For some reason my boss did not like to see this friendship. For example every day, I had lunch with my female friend. But my boss warned both me and her that we were spending too much time together and I needed to spend time with people who were more knowledgeable in the work we were doing.

My boss started to call me over to her office on the pretense of explaining something or asking about progress on some project I was working on but she started flirting a lot and this involved her putting her hand on my thigh, near my crotch. Her language was also vulgar and amongst other things she made 'jokes' like asking me what size shoes I wore because according to her penis size is related to shoe size.

I sent her an email, copied in to our male, gay manager, outlining her behaviour and why I thought it was inappropriate.

I was horrified when I was fired but doubly so when she reported me to the police for lying about her and tarnishing her reputation! Incredibly the police are taking action against me.

Edit: Please understand that I cannot give more detailed information such as location etc. Others are asking me questions like what can the police do... etc. But I would rather not reply publicly as it might compromise my position and my future course of action. I thank you all for your support.

Edit 2: I thank you for the support you are giving me. I am not in the USA and while I find some of the comments really helpful I cannot give more detailed information as it may easily identify me. ",zogins,t2_3ngbcdr3,0.95,2493,236
451,11asgcb,2023-02-24,MensRights,Women need to be called out on their hypocritical use of sexuality in the workplace,"Why does nobody has the balls to call this out?!

Women use their sexuality in work and work related settings ALL THE TIME. When they want a favor from a coworker, when they need help, when they are looking for a raise or promotion, when they are trying to get a new client/customer.

I had several dates with highly successful beautiful business women and they all laughingly admit of flirting and leading coworkers or clients/customers on in order to get that sale, promotion or just get it ""their way"". Had a date where the female CEO said if the client is a man, she sends one of her hot employees, always. And i myself -of course- over the years first hand have seen women get all girly and sexy, start using their cute girly voice when they need a favor or whatever. Its so blatant and normal, everyone knows it.

Yet women flip the fuck out when a man tries to be flirty or tries to use sexuality in their favor. They act like its an  unthinkable immoral crime that needs to be punished. If you ask women if sexuality belongs in the workplace, they all say ABSOLUTELY NOT. Yet they use it every single fucking day. Hell women told me they dress sexier for clients when they want to get a deal/sale. They flirt, they drop sexual suggestions only to later shoot the man they led on down. This all would be fine...if they weren't hypocrites that literally try to cancle and destroy men who dare to flirt back or god forbid initiate a flirt.

Coworker or customer flirts with woman at work = Oh god look at that creepy piece of shit. He should be reported and fired, this doesn't belong in the workplace.

Woman flirts to get a sale, favor, promotion, raise = you go girl, hate the game not the player.",todoke,t2_3ovuh,0.95,742,105
452,t3ygxn,2022-03-01,MensRights,I refuse to date a woman in my workspace; all women turn against me,"See title. Iâ€™m 100% not into a single woman from my workplace. Iâ€™ve mentioned it over and over that I think dating someone from the workplace is inappropriate, and she kept pursuing. Now, every female I work with is ANGRY with me. Wonâ€™t acknowledge my existence. I work in a hospital. At least a hundred people I have to maintain a good relationship with. The women hate me now. What in the living fuck am I supposed to do? Prostitute myself? I thought this wasnâ€™t legal for men to do (grooming). Is it still legal for women? (US)

Edit:
Thanks everyone for your responses. I have a 3-year spot in a residency program, unfortunately leaving isnâ€™t a good option. If I did it would be a career-killer. Iâ€™ve been to HR for a similar reason (a woman spreading lies about me) in another hospital, they dismissed me without any meeting or action.

Lying about my status (wearing a wedding ring) would backfire quickly. People unfortunately know I am single, I could say I am gay but the nature of my program is such that everyone wants to know everything about you for reference purposes when I apply to fellowship. I need to be 100% honest in my position.

In other words, I think Iâ€™m stuck with this shitty situation.",Flooble_Crank,t2_6z95saiy,0.93,1417,235
453,8dld4l,2018-04-20,MensRights,"Woman falsely accused officer of rape, but his body cam was on.",,andejoh,t2_a0ipb,0.97,1498,159
455,oov9ez,2021-07-21,MensRights,Differences of living as a woman vs man (in my experience),"So Iâ€™m a transgender man and there are a few things different about how I was treated when I identified as a woman compared to now as a man:

-when Iâ€™m expected to just deal with things. When I was a woman and needed help, people would offer it to me before I even got the chance to ask. Now Iâ€™m supposed to just be fine and deal with all my problems

-I get a lot less sympathy now

-I donâ€™t get much attention. I thought I wouldnâ€™t mind this because I donâ€™t like people noticing me but it feels lonely like this.

-I hardly get compliments anymore

-people are hesitant to believe me when I say things

-people assume Iâ€™m a bad person now when Iâ€™m actually just minding my own business

-body shamed more as a man

-i experience more harassment as a man

-Iâ€™m a shy person but when I was a woman, people thought I was cute and mysterious. Now they just think Iâ€™m a weirdo and a creep.

-I experience more sexism now

-I feel a lot of pressure to have sex/always want sex

-I have worse mental health now, mostly to do with financial pressure and pressure to date which I didnâ€™t feel when I was a woman",day5tar,t2_92dz3lks,0.94,1522,474
456,pkaqhd,2021-09-08,MensRights,A woman barges into a busy men's room at Disney World and uses the toilet because she did not want to wait in line to use the ladies room.,"I will be very specific on the time and location of this incident hoping somehow somebody she knows will come across this and makes sure to let her know what she did was not okay.

Last Saturday at around 1:30 PM, because of the long weekend, Disney Springs in Walt Disney World in Florida was very busy.  And as it often happens in crowded places there was a line for the ladies room and almost none to the men's room. 

The particular restroom was located at the World of Disney store.  The men's room was busy, all the urinals were occupied but two toilet stalls were open.  I went into a stall and was doing my business.  I heard the door open and someone announced: ""woman coming in"".  I have seen this happen before when a female custodian comes in to the men's room to clean.

This woman walks directly to an open stall.  She announces ""I am not waiting in that line.""  Followed by ""Y'all don't have anything I haven't seen before"".  

After she finishes her business, she walks over to the sink again announcing ""Y'all don't have anything I haven't seen before"", washes her hands and then walks out.  All the men in there kinda looked at each other like ""what just happened here""?

This woman not only disrespected every man that was in the men's room at that time, she also disrespected every woman waiting in line.  Worst of all, she got away with it. 

Imagine if a man did exactly what she did by going into a busy ladies room.",Ixz72,t2_aqefi,0.87,2863,498
457,10p8zza,2023-01-30,MensRights,Woman just walks into mens changing room? What do I do?,"I go to a large chain gym in the north eastern US. 

Today while I was changing, the staff walked through with a woman among them in the middle of the day! No announcement, not call for it anyone was changing, just walked right through. I had to cover my privates and body!

I asked what the hell was up and they said she was the district manager? Like that's makes a difference???

If that happened in the women's they'd be getting sued, right? Like what the fuck do I do about this?

Update:

Had a call with a vice president of HR for the gym chain. 

They recognized my complaint as a serious breach of my privacy, stating that they make efforts to put up signs that a woman would be entering the locker room area and announced to say when she was (I had my headphones In and apparently didn't hear this). 

They sighted that the gym staff should have inspected and talked to all who were in the locker room and alerted us personally, however they take the same policy with the women's. Not sure if I believe that... Especially since she entered the women's on her own. 

The district manager and several other members of staff are being reprimanded/suspended for this.

I did not seek compensation, but also let them know that I had alerted the local news to this issue and would no long be attending their gym due to this. If anything comes of that I'll update with a YouTube link. 

I'm sure many will have criticism for how else I should have handled this, but I am happy with getting the company to admit a fault and that there will be consequences for this ignorance. 

Either way my membership was canceled with my fee waved due to this. 

Maybe not perfect justice, but I at least feel that I made a difference in pointing out this inequality if standards.",BigSlappySandwitch,t2_76438uqa,0.97,1226,227
458,63l074,2017-04-05,MensRights,Woman divorced her husband and got $15m. He later listed his company on the stockmarket and earned $93m. You guessed it: she's now suing him for more money...,,EricAllonde,t2_ynh8y,0.88,5771,332
467,6uumes,2017-08-20,MensRights,Fuck office politics: newly arrived female coworker is in difficulty with her work and is attacking my reputation behind my back. WTF???,"The reason I post here is because many of the things this coworker does she can get away with it because she's a woman, and she's blatantly using female shaming tactics (people may not agree with the fact these are female tactics, but I think they are), *in the workplace*, to get her way...

She had a task: do her job and learn ho to do new things. Me (and others) supported her. After a few months I no longer had the obligation to support her and I realized she was slacking on purpose (facebook, amazon, chats, etc, instead of working). She... didn't like that. Because she had decided *not* to learn anything, when push came to shove and she needed to deliver, she went mad and started using the only coin at her disposal to fight the situation: social group, gossip, men-hating.

She started attacking me behind my back, trying to ruin my reputation. Her reasoning was that our boss was pressuring her to deliver, she didn't know how to do the job (spent months without applying herself) and because I was capable of doing it, *I had to drop everything for her*.

To quote her (a coworker showed me this):

- ""why doesn't Demian do it instead of me? He's the only one who knows how to do it anyway..."".
- ""I'm stuck with this, the *client* is an asshole, it's not clear what I have to do... of course it would be a lot easier if Demian supported me, but he never helps me...""
- ""this job is shit, can't do it... talk to me about your weekend :)""
- ""I asked X to give me a hand, I'm waiting for him. I watched this cool movie last night...""

Again and again, complaints in private to her friend (one of the PMs) in order to get someone to tell me to do the job *for her*. Never mentioning how she was told, when hired, that *she needed to learn this stuff*! Only implying how she's willing to do the job but my lack of support is blocking her (false and shameless accusation)...

She decided by herself that team work meant she was excempted from every responsibility. This is an example of a chat conversation:

- SHE: demian, you are not busy, right? :)
- ME: I'm busy, sorry.
- SHE: eh... you are doing research... can't you help me with this?
- ME: sorry, but I can't help you. Try to take it slowly and face one problem at a time, you'll get there.
- SHE: but I need someone to show me how it's done...
- ME: and I sent you lots of material months ago, I can't do the job for you..

She grabbed the last message and send it to four different women and a guy so they could support her in bashing me.

I had to protect myself after that. I intervened with certain coworkers and made sure my version was known. After a few days, she made so much noise and her work was so behind that my boss asked me my opinion on her and her work. 

Because of what she did (the chat convo was just one occurrence of her gossip), I sunk her in front of my boss. I spent almost 8 months without saying anything negative about a coworker (her!) in order to avoid putting her in a difficult spot, and what does she does?

She targets me because I don't go over mountains for her (where does the entitlement come from lol????) and decides to fuck with my reputation, just because she was lazy and had to choose between admitting her lack of knowledge to my bosses (damage to her image) or use social games to blame *me* instead (damage to *my* image)...

-------

Right now, I was promoted and next month I'll be in charge of her work. At the moment, she latched onto another coworker, constantly ""asking"" him how to do things, constantly ""asking"" him to look up stuff for her by saying ""she doesn't know how to do the job..."", and implying he has to because of ""team work""...

While the guy looks for stuff up, she opens her chat or facebook and starts doing random stuff or talking with her friends, waiting for him. And the spineless guy refuses to say ""no"" to her, is depressed and overloaded of work all day, and earns even less than she does...

And by the way, whenever the guy can't cope with it anymore and snaps at her, she starts gossiping behind his back telling everyone how this guy is having his ""ladies days""...

The three of us were on the same role inside the company, but unlike us, who focused on the job, she focused on her relationship with the others. At first I thought this wouldn't be an issue because we are all different, until she started using that ""support group"" she formed to backup her up on her lack of skills and all her BS...

Fucking office politics. And fuck women who blatantly push to establish social bonds with other women and then use gossip to get their way against men who actually work and don't give a crap about this stuff...",demian78,t2_ax22xax,0.89,937,219
469,q8s2xp,2021-10-15,MensRights,Woman at work,"I have to take it off my chest.   
Today, while I was working, I was searching for something in a box. I had to bend over and a door was behind me. Door opened and a woman from another department came in and pinched my butt and laughed.   
I was perplex and couldn't say/do anything.  
Later on I told it some good colleagues and they told me that she did it to them as well. Most of my male colleagues were touched in some inproper way by her. It's so pathetic. Even they are admitting that even if we go to HR there wouldn't be consequences. It was and is extremely disgusting.

Since there was no one else around I didn't do anything afterwards about it.",BudSpencer123,t2_49w0zpyu,0.97,917,114
472,rnqx62,2021-12-24,MensRights,A Woman Who Texted Her Boyfriend To Kill Himself Before His Suicide Has Pleaded Guilty To Manslaughter,"> A 23-year-old woman pleaded guilty to manslaughter on Thursday after repeatedly telling her boyfriend to kill himself, which he went on to do, while they were students at Boston College.  
>  
>Inyoung You's guilty plea showed she accepted responsibility that her verbal, physical, and psychological abuse contributed to the suicide of Alexander Urtula, the Suffolk County district attorney's office said. You had originally pleaded not guilty in 2019; under the new plea agreement, she received a suspended sentence. If she violates any of her probation terms over the next 10 years, she could serve two and a half years in jail.  
>  
>Among the terms of the agreement are that she will undergo mental health treatment and do community service. In addition, she may not profit from any portrayal of the case over the next 10 years.

[https://news.yahoo.com/woman-texted-her-boyfriend-kill-211250026.html](https://news.yahoo.com/woman-texted-her-boyfriend-kill-211250026.html)",8nt2L8,t2_q3uby,0.98,1303,101
485,y7uch9,2022-10-19,MensRights,"Female colleague at work told me ""Imagine how great it would be if all men stopped existing for like, a month...""","She was going on the whole tangent, following a shocking attack on a woman in the news by a man, of the whole 'you can't tell which man is a predator' type thing (though she only said this after I challenged her).

I pushed back, it's the second time in recent weeks a female colleague has been openly misandristic in the office and I'm fed up. 

I turned around and said to her 'Would it be acceptable to say that about Muslims after an Islamic Extremist Terror attack? Would you say that about Jewish People?' 

I didn't even get as far as saying that it's unacceptable to say that about *any* group of people. Cue the immediate back peddling from her. 

I was polite and gave her grace upon her back peddling, but I'm not putting up anymore with it. I'm done. 

The irony is, only last week this colleague was complaining that Men at work aren't challenging other men's sexist behaviour... *I wonder why...?*

I'm all for challenging any kind of sexism, as I think we all are here. So that's what I did.

Edit: I don't hate women and please don't turn this into a generic women bashing thing. It undermines us and the cause of *equal* rights. Ta.",ChequerMate,t2_sgj759xa,0.97,931,273
488,34ogjp,2015-05-03,MensRights,"Woman starts all female company to realize her Utopian dream and benefit the absence of men. Despite having made $500k in the first year she had to shut down due to catfights, jealousy, infighting, competition, sexual aggression and no work was done. Conclusion: she would rather employ males only.",,babybopp,t2_emxwt,0.84,2553,388
490,sewvip,2022-01-28,MensRights,HR depts are populated by women who show no mercy when it comes to the suffering endured by men.,"In another post a few months ago I wrote here how I was fired from a job because I complained of the unwanted advances of a female colleague.

They gave me some other bullshit reason for firing me but I was the most qualified person in the group - even more qualified than the female managers. 

The case took a turn for the worse because they opened a court case against me. Unfortunately our country is now run by a socialist government and elections will only be held in March. 

The main problem in issues such as mine is that WHOLE HR departments are populated by women. There is NOT A SINGLE MAN. I started seeing a therapist - a very nice lady - who understands very well the dynamics inside such workplaces. I chose a woman because I really do not care whether it is a man or a woman who helps me as I am not sexist. This therapist saw what was happening and is ready to help me fight a court case against the people who fired me.  I am amazed at how clearly she sees through the work place politics against men. 

Gentleman what I want to say is that some women really understand our plight and are ready to help. They know how bitchy some women can be because they have experienced it first hand themselves.",zogins,t2_3ngbcdr3,0.94,1436,112
498,1lyu3k,2013-09-08,MensRights,"When Aaron Gilmore told police he had been sexually abused by a woman, the police officer's first response was: ""I'm failing to see a crime here.""",,CosmicKeys,t2_8anq9,0.96,825,101
503,wxcv05,2022-08-25,MensRights,Club bans staring without 'consent' & hires 'officers' to police venue,,IronJohnMRA,t2_cuc57,0.93,695,332
507,pftuz2,2021-09-01,MensRights,Feminismâ€™s poster woman in big tech stole about a billion$ and now is using sexual assault accusations as an excuse.,https://lawandcrime.com/high-profile/theranos-ceo-elizabeth-holmes-will-likely-take-the-stand-to-accuse-ex-boyfriend-and-co-executive-of-intimate-partner-abuse-court-documents/,benderXX,t2_uy64f,0.94,1533,118
512,3cs3l2,2015-07-10,MensRights,"Employee escorted off premises. Returns (trespassing) to assault manager. Manager finally has to throw a punch back in self-defense. The whole internet is ""OMG hit a woman."" Every news story, title and lead is ""BIG MAN HITS little woman.""",,Dj_Nussdog,t2_9yyre,0.95,788,231
523,hyddl,2011-06-13,MensRights,"MensRights, I'm back in school to be a nurse, and was confronted by this shit today","Now normally I face literally zero discrimination of any sort in nursing school and the affiliated organizations, if anything I get preferential treatment due to the fact that I'm a male. But today was a different story. 

I recently joined a sort of bonus program offered by the nursing college that allows us to get a little extra experience by joining a group that goes to the local hospital and shadows nurses doing their daily routine. I'm the only male in the group, and before this had never been a problem. Today we were going to the birthing suits to shadow the OB nurses there. Now I got to watch ultrasounds, infant care, etc no problems, but while we were there a mother went into labor and consented to us observing the child being born.

We're about to go into the room when one of our ""tour guides"", for lack of a better term, pulls me aside and says ""I think you should sit this one out, the mother might be uncomfortable with a man in the room viewing this."" I was floored by this. I pretty much assumed that when the mother in question consented they told her that there was a male student there as well. I responded with ""Well do you mind if I at least ASK the woman if I can come in? I'd rather not miss something like this."" To which she replied ""Listen, you'll be going over this when you're in training, I think it's best if you stay outside, this sort of thing requires a more feminine touch.""

At this point it's all I can do to stop from yelling at this woman. I told her, as calmly as I could, that would inform her supervisors if she didn't at least let me ask if the mother would permit me to view the birth. She visibly pissed at this but let me go in and ask, and the mother told me she was perfectly fine with me being in there (her actual words were ""Hell, bring a camera if you want,"" which calmed me down a bit). After we finished for the day I called the programs administration office and filed the complaint anyway. I also took the liberty of warning the few other male nursing students I know to watch out for the lady.

I can honestly say that this was the first time in my life I've ever felt discrimination on anything, let alone because of the fact that some of my organs dangle. I just kept asking myself if it would get worse than this. It may sound mild but I was extremely offended by this and I felt it necessary to share.

EDIT: A couple people have mentioned that the mother was in a somewhat unfit state to be making a judgement about whether or not I should have been in the room. I'd just like to inform you that this woman was doing a crossword up until the doctor came in and told her she was in labor. Pain drugs work wonders these days.",Bubbascrub,t2_4v1c8,0.93,865,331
525,t76ebd,2022-03-05,MensRights,"""It is really important for all of us to accept the biological differences in the workplace""",,digitalnomad456,t2_1yeyi5oi,0.91,1199,456
526,m5ehkr,2021-03-15,MensRights,We live in a patriarchy...,"A partriachy where only women are given privileges to complain about sexual assault, rape, harassment. 

*A patriarchy where men receive, on an average 63% more punishment, than female counterparts for doing same crime. 

A patriarchy where a mere accusation by a woman can ruin a mans life. 

A patriarchy where gender laws are specifically designed to benefit women. Education reforms are made to benefit women and be unfair to men and boys. 

A patriarchy where a child mostly lives under the influence of women(maximum teachers being female). 

A patriarchy where workplace harassment laws are made only to safeguard women. 

A partriachy where women only programs are massively promoted while men are made to feel guilty for being men by constantly calling them monsters and rapists. 

A patriarchy where feminists tell men their only responsibility in life is to protect women and behave like they deem it right to make them feel comfortable.

A patriarchy where abuse of men is shared as humor. 

A patriarchy where women are given freebies like tax sops, little to no fees while doing education, less life insurance premium. 

A patriarchy where men have to pay a woman after divorce even if the woman is a working one. And wait for it, if the man gets a promotion at work, the alimony increases in some countries. 

A patriarchy where a man has little to no rights over his own child because of gender biased family court laws.

A patriarchy where the guy is most likely to get fucked if the woman merely accuses his family of wrongdoing in a marriage, his whole family can get jailed. 

Yes blame it ALL on men. A patriarchy where victim blaming of men is a MUST and mainstream. All issues of men, blame men. All issues of women, blame them on men...",cryptonalyst,t2_12r7vdqk,0.87,1667,284
541,ru0zvy,2022-01-02,MensRights,yOuâ€™rE a pIck mE gIrL,"Everytime I say I support menâ€™s rights I just get called â€œpick me girl.â€ Like bruh, is it a bad thing to support someoneâ€™s rights? When did saying that someone deserves rights become a bad thing?

Every time I have got insulted or told that â€œIâ€™m pretending to be a womanâ€ has been buy a woman, and usually itâ€™s a feminist. wHaT a  SuRpRiSE

When I talked about this to one woman she said â€œyeah, men are like thatâ€ I said I hear it from women usually. Wellâ€¦ her answer was to call me a man lol",CryingMadGirl,t2_9z2kq4s0,0.93,1416,296
545,4xzh4q,2016-08-16,MensRights,"Man Refuses to Allow a Homeless Woman to Stay with Him; Loses his Job, his Car, and nearly his Home Because of a Clearly False DV Allegation.",,JimBobDwayne,t2_aw31b,0.91,2180,184
547,84zoj8,2018-03-16,MensRights,Do not post claims that a female-led construction company was responsible for the Florida bridge collapse. This is false.,"[This is the meme in question](https://i.redd.it/u89sb6kbm6m01.jpg). It has been posted at least three times already. It is not relevant to men's rights - it's just an unjustified attack on women.

A few minutes on Google will show that all the company directors are male, and that there are plenty of white males among the work force itself. On the Internet, it's easy to check most claims in a short time.

It will be months before a definitive investigation into the cause of the accident is finished. In the meantime, here's [a video that goes through a few possible causes](https://www.youtube.com/watch?v=ioC61QW7SHQ) and [a follow-up that reaches a plausible conclusion](https://www.youtube.com/watch?v=KtiTm2dKLgU).

We are not the [Woman Haters Club](https://www.youtube.com/watch?v=N78aZVmcAYc). We should be better than this.",theothermod,t2_1310a1,0.93,1643,161
551,lijt9g,2021-02-12,MensRights,In an office in India,,VespasianTheMortal,t2_15otug,0.94,5280,176
554,2pdnqc,2014-12-15,MensRights,That moment when a woman physically assaults you and everyone defends her. Iâ€™ve been thinking about it for a whileâ€¦I am now a Menâ€™s Rights Advocate.,"Iâ€™m posting this from a throwaway that I donâ€™t plan on using much, if at all. I need to do so because Iâ€™ve worked in Democratic Party politics (and have career goals working for the party), and there are plenty of factions within the party that are still hostile to the MRM. I donâ€™t want my name slandered, and I donâ€™t want to be called a misogynist simply because some men and women disapprove of my stance toward the MRM.

Let me start off by saying that I used to be a feminist in high school. I went to protests, spoke to other young men about feminism, and smugly preached about equality from my moral pedestal. 

I went to a pretty good college with a multitude of women studying the liberal arts. I need to mention this because Iâ€™ve had quite a few classmates who will one day become leaders of the feminist movement (authors, organization leaders, etc.). Rest assured that their radical views and sexist opinions against men made me disown my feminist label.

Iâ€™ve always liked this forum for its discussion, but I would never have called myself an MRA, even on the Internet. Last Friday changed that for me, and Iâ€™m thankful for it. I never thought that I would be accused of assault, and I never thought that a woman could get away with assaulting a man in front of others. I've had a friend falsely accused of rape i ncollege, but I thought to myself, ""Hey, it's not me. None of my business."" I was always afraid of the MRA label because of what others might say about me. 

What happened to me?

I was at a bar on Friday when another guy bumped into me. I apologized, but the dude was looking for a fight. He grabbed my collar and pushed me back. I got in his face (I know, immature, but I couldnâ€™t let him push me around). I asked that he drop the issue and we go on our own paths. He insists on stirring the pot.

He really wants to fight. I push him back and try to get a bouncer. As Iâ€™m moving back, the girl heâ€™s with pushes me, slaps me, and then dumps her drink on me. 

When I tell him to back the both of them upâ€¦she grabs me and hits me again.

Now the entire bar is looking at me while Iâ€™m getting hit by this girl. She knows I cant, and wonâ€™t, defend myself. Every man and woman in the room is looking at me and not helping. 

The bouncers break her of me.

â€¦and they kick me, not her, out of the bar. 

Why? The bouncers, who, to their credit, acted very courteously, explained that the female bartender said that I, the guy, had to have started it. In her opinion, the bouncers stated, thereâ€™s no way the girl, a few inches shorter than me, would aggressively attack a man. The bouncers were going to call the police because I allegedly attacked a woman. 

I had the opportunity explain my side of the story to the bouncers, who then corroborated it with the camera footage of the bar. The cameras saved me. If they werenâ€™t there, I would have been banned from the bar and arrested for assault, as the girl wanted to call the police
--
Even if the story didnâ€™t entertain you, I just wanted to say thank you for this forum. 

If I ever make it far in Democratic Party politics, youâ€™ll have an MRA speaking to the leaders of the party. We still need to promote our dialogue and conversations to the national profile. We need to change the narrative surrounding men and assault. We canâ€™t let people get away with promoting the idea of male privilege while men can be falsely accused so easily. 

Iâ€™m in a hurry, so I have to go. Iâ€™m just another guy who has joined the MRM today. Keep up the good work. 

EDIT: I came back just to answer two questions I'm seeing constantly repeated below:

1. There is videotape, and yes, the girl and her party were thrown out of the bar.

2. I'm not going to press charges. Why? 1. We were in an establishment that sells alcohol, so authorities might think it's two drunken people acting stupid 2. Let's all be honest here, if I wanted to knock out the girl and the rest of her guy friends, I could have done it. I'm literally a trained fighter. And because of that, I have a feeling it would get used against me in court. 3. Guys, if this ever hit the media, and even if I am proven innocent and the charges stick (which the 100% would), don't you think ANY political party would use this as ammunition? I've worked in media--powerful media outlets have a narrative. Man defending himself from women does NOT fall within the narrative. 

Apologies for the grammar and typos. I'm on my way home from work. 
",mrnowthrowaway,t2_k1c4m,0.93,842,320
557,12f5xjm,2023-04-08,MensRights,I fail to see how being male is a good thing in modern society.,"Other then not having to deal with periods, becoming pregnant and not being safe to walk in a dark alley or a park during night time i fail to see how its not a massive disadvantage to be a man in this society...

1. Men suicide 4x more then woman. One dude i know already lost 3 of his M friends to suicide!!! And personally I have lost my brother to suicide when he was 23.
2. 2.Men are pretty much almost twice as susceptible to end up abusing drugs/alcohol (\~6% vs \~12% for men).
3. 70% of homeless people are men.
4. Men have 10x + chance to die in the workplace.
5. Men have next to no social support and networks compared to woman.
6. Men are 2.5x more likely to develop videogame addiction (probably because real life sucks more for them I know that its a good way to avoid having to deal with reality)
7. Men don't do as well in school at least not with the modern system and woman are more present in higher education programs and obtain more diplomas then men.
8. It is way harder for men to find a partner( IMO especially since the rise of dating websites and social medias). I think a good proof is there's way less women using dating apps then there are men, i assume simply out of a lack of necessity in the first place.
9. Pretty sure woman live on average 8 years longer then men, because life is fair like that lol.
10. Young woman nowadays earn more money then young men meanwhile young men are still most of the time expected to provide for their families and even be a bigger earner then his female partner. Not even going to get into dating/romantic stuff (early relationship / dating life).
11. When shit goes down for your country youre more likely to be forcefully enrolled in the army. and when shit goes down in any other situation you're almost expected to be brave and know how to fight and even defend other people, or just having to resolve things by violence when dealing with other men.
12. Getting fucked over in court and losing custody unless something is terribly wrong with the mother.
13. How modern tv/ads/movies (hollywood in particular) has recently started to make men look stupid, foolish and inferior, there is almost no inspirational roles portraying strong male characters anymore, now its only strong female characters and they're hella overpowered, they make sure the audience knows without a doubt that they're doing everything better then men.
14. I don't care if its a small minority or if they have been lucky with good genetics, young woman can use onlyfans if they are willing and they can earn way more in their 20's alone then a doctor or any other top tier job man ever could in his entire life. Meanwhile I also have good genetics and I am young but if I did the same I wouldn't even be able to afford a bag of chips a month with my earnings i bet...  You will say, well woman with good genetics go to modeling and pornography, and men with good genetics go to sports... But I'm pretty sure it's quite a bit harder to become a pro NFL player or something then it is to strip naked on onlyfans or show some cleavage on twitch while licking a plastic ear and moaning.
15. Woman have WAY higher standards in general and specifically on dating apps/websites where they will swipe a guy positively a lot less often then a man will swipe a woman positively, which means the competition to find a partner is astonishingly harder as the average man. Not even close. I've even heard 2% swipe rate meanwhile men swipe HARD. I don't really want to discuss men swipe rate because I've heard that a lot of them will literally swipe all the girls, not that this is a pro-male argument anyways lol, it means theyre literally so desperate...

I have named most of the reasons why it sucks to be a male, it was a good venting/rant session. I am now ready to recieve the backlash of people calling me a misogynist because I think being a man sucks compared to being a woman.",MisterNoob123,t2_j4hqwyna,0.93,629,246
570,9ne96o,2018-10-11,MensRights,"It is now males, rather than females, who suffer the vast majority of institutional discrimination","I don't believe that males have ever been [privileged](https://www.amazon.ca/Privileged-Sex-Martin-van-Creveld/dp/1484983122) in the way feminists claim.   But we are now at the point where the deck is stacked against males at every stage of their lives and in almost every major institution.   

When a male is born he can have his genitals mutilated. Hundreds of baby boys die from this procedure every year.

Then comes primary school, where boys are often punished and even drugged for displaying natural boyish behavior. Recent studies have also revealed that female teachers mark down boys by an average of 20 percent for the same work.

Huge numbers of boys are now being raised without fathers (including about 99 percent of school shooters, funny how we never talk about that), and since pedo hysteria has chased male teachers out of primary school, boys often don't have any male role models until much later in life.

Boys only clubs (eg the Boy Scouts) are being eliminated while girl only clubs remain.

Teenage boys are being introduced to blatantly misandrist concepts like ""toxic masculinity,"" with narry a word about toxic femininity and nothing about the positive aspects of masculinity.

Next it's off to University, where there are a range of female-specific scholarships and programs even though women make up the majority of college students and young women are now out-earning young men. They are also portrayed as rapists in waiting, and there are entire departments (gender studies) devoted to demonizing their sex. If a young man pisses off a young woman (eg dumps her after a one night stand) he faces the possibility of being subjected to a false accusation and a feminist Kangaroo court. Then it's bye bye academic career and social reputation.

If he wants to vote he will have to sign over his body to the state (selective service).

If he gets a woman pregnant he will not have the option of legal parental surrender. While a woman can just drop off the baby at a safe haven, the man is on the hook for 18 years of child support and will be locked up if he loses his job and can't pay.

In the workplace things are just as bad. Men perform almost all of the dirty and dangerous jobs and make up 95 percent of workplace injuries and deaths. If a white man wants to pursue a more respected career he faces racial and sexual discrimination in hiring due to corporate ""diversity"" measures and quotas. A recent study in...I think it was Australia found that ""blind hiring"" practices (where the employer doesn't know the race or sex of the applicant) result in more straight white males being hired; this means that it is straight white men who are now suffering discrimination in the workplace.

With MeToo, a man can be fired from his job simply for making a woman uncomfortable. There have even been cases of men being fired for telling a naughty joke.

If he gets married and the wife divorces him through no fault of his own he will likely be treated like shit by the family courts unless he can afford a high priced lawyer. There are countless stories of men effectively being turned into indentured servants by their ex-wives; they live in poverty and seldom see their kids while the wife gets a new ""baby daddy"" and lives high on the hog. NOW, the largest feminist organization in the world, continues to oppose shared parenting even though every single study shows it to be in the best interests of the children, the father and even the mother.

He will receive less social support, less health care spending, and be relentlessly demonized in the media. 

If a male is sexually assaulted by a woman he will probably not receive justice; the perp will likely get a slap on the wrist even if the victim is a boy.  

If he commits a crime or is falsely accused of a crime he will be treated much, much more harshly by the criminal justice system.

I could go on.

It is a myth that feminists think the sexes are equal. Their MO goes like this: if men are ahead in some area, that means women are being oppressed because the sexes are identical except for genitalia; however, if women are ahead in some area that's because women are superior. You can find this sentiment going back to the first wave. Elizabeth Cady Stanton claimed that women are ""infinitely superior"" to men.

The prison thing is perhaps the most glaring example of feminists not practicing what they preach. If they were serious about equality they would be demanding either that men be treated with more compassion/leniency or that women be treated more harshly (or some combination of the two). Instead, they want women to be treated even *more* leniently, and some are even advocating for the complete abolition of female prisons.

Men are increasingly second class citizens not only in a social but legal sense. A study in the UK determined that if women were treated like men by the criminal justice system, fully half of all prisoners would be female. Women do NOT commit less crimes than men (though they do commit less homicides), they just don't get punished to anywhere near the same extent.

If feminism were an ""equality"" movement they would not be trying to privilege females in every single institution.    They would be looking with a keen eye at areas in which males are disadvantaged and/or subject to institutional discrimination.   They certainly wouldn't blame everything on some nebulous all-encompassing ""patriarchy"" that hasn't even been proven to exist.  

Advocates of gender equality must reject feminism, and support men's rights.  ",Vwar,t2_15qoa077,0.86,2555,252
576,oivkws,2021-07-12,MensRights,In Portugal the quality of the Covid vaccine you get depends on your gender.,"The vaccination of people under 50 against Covid-19 in Portugal created a massive gender divide in the whole vaccination process. Portugal announced that men in the 18-50 age group [would be getting the J&J (Janssen) vaccine while women would get only Pfizer and Moderna vaccines](https://www.theportugalnews.com/news/2021-06-13/janssen-vaccine-now-recommended-for-men-over-18/60385). Astrazeneca vaccine is not given to that age group regardless of gender.

For those not acquainted with the different Covid vaccines, Pfizer and Moderna vaccines have a [95%](https://www.janssencovid19vaccine.com/hcp/clinical-data.html) and [94.1%](https://www.janssencovid19vaccine.com/hcp/clinical-data.html) effectiveness respectively and nearly 100% effectiveness at preventing death or serious illness. Janssen vaccine on the other hand has [66% effectiveness in preventing moderate to severe disease.](https://www.npr.org/sections/coronavirus-live-updates/2021/01/29/961887796/johnson-johnson-vaccine-is-66-effective-in-preventing-moderate-to-severe-covid-1) The excuse given for the gender segregation was that most cases of blood clots from Janssen vaccine occurred in women. However the truth is cases were extremely rare on both genders and the European Medicines Agency has recommended it for both genders within that age group. Portugal chose not to follow that recommendation.

It gets worse, however. Currently [90% of infections](https://www.theportugalnews.com/news/2021-07-07/delta-variant-responsible-for-close-to-90-percent-of-infections-in-the-country/60905) in Portugal come from the Delta variant. While Pfizer and Moderna vaccines (and most two-dose vaccines) have been proven to have [very high efficacy](https://www.businessinsider.com/delta-variant-covid-vaccine-effectiveness-protection-pfizer-moderna-astrazeneca-2021-7) against this variant, Janssen vaccine is thought to have little to no efficacy against it, similar to single shots of the remaining vaccines. This is concerning to the point that in the US [there are already Pfizer/Moderna booster shots being administered](https://www.reuters.com/business/healthcare-pharmaceuticals/booster-may-be-needed-jj-shot-delta-variant-spreads-some-experts-already-taking-2021-06-25/) to people who took the Janssen vaccine due to the Delta variant. Men in Portugal are being given a vaccine that offers little to no protection to the variant we have, and the government is aware of that.

Officially men in Portugal **can** be given the Janssen vaccine, but there is no official ""men get this, women get that"" rule. However such rule remains in practice in vaccination centers nonetheless.

Today I went to have my vaccine. I asked which one they were giving and of course it was Janssen. I asked whether they could give any of the others as this was the only vaccine I wasn't comfortable in getting.  Staff consulted with each other (all female staff) and afterwards with the nurse and claimed it was impossible, that they only had Janssen vaccine. This is of course a lie since there were plenty of women in my age group getting the vaccine there and currently women in this age group **cannot** be given Janssen vaccine at all unless they volunteer themselves. This means a vaccination centre that is accepting women cannot have the Janssen vaccine exclusively. In other words their response shows a de facto rule that men are given only Janssen vaccine is being enforced.

Quoting the official announcement, ***""this single-dose vaccine may also be administered to women aged 50 years or below ""who wish to do so, if duly informed, on a basis of weighing the benefits and risks"", provided they express their ""free and informed consent"".*** Once again, ""free and informed consent"" is a right men do not have as is the case in many other matters.

This comes added to the fact that men are very disproportionately killed by Covid-19, with a current mortality of 2.1% (9.016 deaths among 415.709 infected) compared to women's 1.6% mortality (8.148 deaths among 493.506 infected). It's no surprise that men are considered disposable in Portugal as is usually the rule everywhere else. In fact, when the number of workplace accidents went from 78% male to 69% male the national worker's union (CGTP) presented it as an ""aggravation of the gender inequality in work accidents"" [(Source in Portuguese)](http://www.cgtp.pt/images/images/2016/02/tendenciaacident.pdf), since male lives don't really matter.

Both the minster of health and the director of DGS (the authority that decides which vaccines are to be used, who they're administered to, etc.) are women.",TheSpaceDuck,t2_kjyvk,0.97,1122,147
580,5s779h,2017-02-05,MensRights,Girls outperform boys at school. Manchester Business School's response? Take part in a programme called 'Inspiring Girls' providing 100 girls across the city with a unique insight into business and higher education. Why? Because privilege? Or just because boys are a waste of space (/S)? What?,"Article from *The Guardian* Friday 03 February 2017:

>**Schools can raise girls' aspirations by partnering with businesses**

>*Students from disadvantaged backgrounds arenâ€™t always aware of the opportunities open to them. Weâ€™re working to change this.*

>The absence of aspiration and understanding of opportunities that I see in some students from disadvantaged backgrounds â€“ especially girls â€“ is something I want to address directly. I believe the answer to the lack of female leaders within our society and businesses could partly lie with us in education, and we have found partnerships with the business community leads to stronger results.

Personally, I generally support moves that attempt to address widening social inequalities and attainment gaps in British society - and the idea of taking high school kids from disadvantaged backgrounds and showing them the kind of jobs that are not out of their reach and that they could one day actually do, does seem like one very good way of addressing that problem.

But as with any intervention, I would personally want to be sure that the problem has been correctly diagnosed before administering the solution.

So I was a tad dismayed to see this next paragraph:

>At both our academies, Whalley Range high school and Levenshulme high school for girls, we have been lucky enough to be involved in [the Inspiring Girls programme](https://www.youtube.com/watch?v=cNj4KfXQ3mg) â€“ part of a Business in the Community initiative with Alliance Manchester Business School. Almost 100 young women from six high schools across Manchester have graduated from the programme this year. [We were particularly keen to get involved because it was an initiative that focused its efforts on encouraging girls of secondary school age to prepare for their futures](http://archive.is/PPISc).

Both those schools - Whalley Range high school and Levenshulme high school - are all girls schools only although whether that means the other four schools in the programme are all girls schools as well is not mentioned. If all six participating schools *are* in fact for girls schools only then that would seem to discriminate against girls in the area attending mixed high schools as well as - obviously - any boys.

And of course there are girls from disadvantaged backgrounds and those girls should absolutely be encouraged to perceive their futures as containing a far-wider range of options than they might currently believe they have access to.

But why does this programme seem to be exclusively aimed at girls in Manchester and North West of the UK? Why is a similar programme also running in [London](https://itfinspiringwomen.wordpress.com) and [other parts of the UK](https://vimeo.com/83024771) that, again, only focusses on girls? 

Why, in particular, is this programme only addressing the needs of young women when the following is *also* true:

>* [**Poor white boys get 'a worse start in life' says equality report**](http://www.bbc.co.uk/newsbeat/article/34667100/poor-white-boys-get-a-worse-start-in-life-says-equality-report)

>* [**White working-class boys are the worst performing ethnic group at school**](http://www.telegraph.co.uk/men/the-filter/11965045/White-working-class-boys-are-the-worst-performing-ethnic-group-at-school.html)

>* [**Poor white boys in rundown areas kept out of education by a â€˜double whammyâ€™**](http://www.mirror.co.uk/news/uk-news/poor-white-boys-rundown-areas-6814802)

>* [**Our educational system is failing working class boys**](http://www.suttontrust.com/newsarchive/leader-our-educational-system-is-failing-working-class-boys/)

>* [**... why are poor white boys falling behind?**](http://archive.is/klRNz)

That last headline actually comes from *The Guardian*, by the way. And then there's this from the *Times Education Supplement*:

>[**GCSE results: Gender gap widens as girls pull further ahead**](https://www.tes.com/news/school-news/breaking-news/gcse-results-gender-gap-widens-girls-pull-further-ahead)

That article notes that while the the overall gap of ""8.9 percentage points â€“ was wider than the 8.4 percentage points seen last summer and represents the biggest gulf since 2002, when girls were 9 percentage points ahead"" it also notes that:

> ... the gulf was narrower in the sciences with girls' results being only slightly better than boys in Physics (0.2 percentage points), Biology (1.6 percentage points), Chemistry (2.8 percentage points) and Computing (2.9 percentage points).

So even in STEM subjects - which we often hear things such as this - [Girls lack self-confidence in maths and science problems, study finds](http://archive.is/uFJt8) - girls are outperforming boys, even if only by a slender margin.

But despite all of that, that *Guardian* article from Friday 03 February 2017 continues:

>International Womenâ€™s Day in March last year marked the start of our year 9 students taking part. One of the activities included in the programme was a day of workshops hosted at the business school. The day allowed the girls to get an insight into university life, and life as a woman in business 

>[...] the students joined a range of optional workshops such as creative thinking, influencing people and personal branding, which were delivered by senior staff at the [Alliance Manchester Business School].

>[...] Just one day of mentoring was extremely valuable to my students, and allowed them to think and plan for the future. The girls were bubbling with enthusiasm throughout the day, which spilled over into their conversations back at school. The main things that seemed to surprised them was the amount of opportunities and the level of job satisfaction in the construction industry, as well as the fact that a number of the speakers had been the first in their family to go to university. The theme of working hard and with determination to achieve your dream was a prevalent one.

>Throughout the [Inspiring Girls] initiative I have seen a marked improvement in the studentsâ€™ approach to work and their confidence in and outside of the classroom.

Like I say, it's not that I think girls from disadvantaged backgrounds should not be given opportunities such as these but when we live in a period where girls have been outperforming boys for over a decade and where poor boys - from black and Asian as well as white backgrounds incidentally - are experiencing particularly high rates of failure and all of the negative consequences that proceed from that - it seems positively obscene not to set up similar programmes for them.

If there are in fact any such programmes aimed at boys, please do let me know.


**Edit^1** Minor corrections.

**Edit^2** From u/GuardHamster

> To answer your question, here is a quote about some of the programs helping out boys in the UK and US. Of course more can be done but the point is that the ball is rolling.
"" Seventy-seven British universities, or about 45 percent of the total, report that they have programs to support men and young boys in general, the national Office of Fair Access reports; 51 of them, to help working class and white, black, and ethnic minority low-income boys in particular. There are fewer university efforts like this in the U.S.â€”but one example is a White House initiative called My Brotherâ€™s Keeper, is designed to lower crime and high-school dropout rates and improve college-going and employment prospects for black and Hispanic males.""
https://www.theatlantic.com/education/archive/2016/05/british-universities-reach-out-to-the-new-minority-poor-white-males/480642/

 ",William__F0ster,t2_108dx7,0.75,1985,187
593,f5737d,2020-02-17,MensRights,"Woman asked to leave barber shop b/c it has a 'no girlfriend or wives policy.' Owner tells ABC news, ""We want guys to be able to come in here and be guys and not have to worry what they say or what they talk about because there's a lady present.""",,TerriChris,t2_700lz,0.93,3005,494
597,113lgp5,2023-02-16,MensRights,"Damned if you do, Damned if you donâ€™t. Women complains that man keeping it professional at work makes her and other female coworkers feel uncomfortable","The other day I was bored and started doomscrolling on Reddit when I found this post on r/relationship_advice 

[https://www.reddit.com/r/relationship\_advice/comments/10yx39j/a\_colleague\_at\_work\_27m\_of\_1\_year\_refuses\_to/](https://www.reddit.com/r/relationship_advice/comments/10yx39j/a_colleague_at_work_27m_of_1_year_refuses_to/)

Essentially the post is about how some dude in the office (27M) wonâ€™t speak to OP (24F) and the other women at the office. He wonâ€™t talk with them about anything other than work with the girls, but is friends with the guys. However, he is cordial and will exchange some basic pleasantries (have a good day etc). In other words, he is being a normal coworker and OP doesnâ€™t like that.

Now hereâ€™s the twist. OP said that one of the girls is considering go to HR about this because she is saying its creating a hostile work environment. This is the part that really pissed me off. Now I acknowledge that maybe the majority of women aren't like this, don't generalize blah blah blah I get it. However, it's not that every woman will, but that any woman can. This is the exact same situation as the google manager in a thread that got posted a while back where the guy got fired for not responding to a female coworker's advances. So the idea that this is an impossible scenario is simply false.

There is simply no winning anymore. Now if you follow the Pence rule, you can be punished for that to.   Act friendly with a woman and ask her out or show interest, and you get punished or fired for harassment. Okay. Men adapt. Now, you act professional with a woman, and her and her friends get upset that this is a hostile work environment and want to report this to HR. If a man does A he gets in trouble. If he does B he gets in trouble. If he reverses course and does Z or Y he gets in trouble as well. If he says f the system it's all BS and goes MGTOW, then he gets labelled incel, misogynist, sexist.

It is promising however that pretty much everyone in the thread called OP out for her total BS, but the simple fact that a group of women would even think to do this is just insane. I suspect (this is just my opinion) that the man is attractive, she showed interest, he says no thanks let's talk about work, and she takes it personally and builds a *hostile work environment* in her mind because she can't fathom that someone doesn't want to be best buddies with her *at work* and just wants to be professional. More attention-seeking bullshit. Nobody is entitled to friendship to anyone, but somehow this is too much to comprehend for some people. Imagine being so fragile that someone not being your best friend makes you feel uncomfortable. It honestly seems to me that she and the other girls at the office are harassing him. Rules for thee but not for me. I shoot you for no reason, but I am the victim.

Imagine if a group of guys went to HR and said, ""we feel upset that a female coworker at the office won't talk with us"". They would be annihilated. This is just complete delusion. I don't know how any man can remain hopeful when bullshit like this keeps happening.",TheGrandScheme3,t2_4c47t793,0.96,510,142
601,zosw2k,2022-12-18,MensRights,"Woman protesting infant circumcision in Ocean City, Maryland",,WhereIsHisRidgedBand,t2_fpap5huq,0.96,2721,365
616,7j7fzt,2017-12-12,MensRights,#MeToo - Guy at office makes sign asking women to stay 300ft away from him. He has bills and would like to keep his job.,,MGTOWMediator,t2_ijekvxt,0.86,1194,148
622,9sx11b,2018-10-31,MensRights,"Guy gets fired even though he was doing great at his job because the employer didn't want to get into trouble for canning a woman, who was surfing the web instead of doing her work.",,TheRoyale72,t2_mabq7v4,0.94,1677,106
624,y7jd5p,2022-10-18,MensRights,Hilarity of diversity hiring,"I work in a financial sector referred to as Private Equity (â€œPEâ€), at a major global firm. 

I was tasked with recruiting for my cityâ€™s office this year for our junior Associates that start next year, which gave me great insight as to how much of an advantage a woman has in recruiting for a coveted spot at a prestigious firm.

First off, diversity recruiting has nothing to do with race anymore, only gender. There is almost no socioeconomic diversity amongst candidates anymore - they are all from affluent/wealthy families, all went to an 8 Schools boarding school or elite NYC prep school, all went to Harvard/Yale/Princeton/U Penn/Stanford/Columbia/Oxford, and all came from the same five elite investment banks. Point is, we arenâ€™t changing any of these candidates lives in any meaningful way economically.

We had narrowed down 100 candidates to a pool of 25 candidates for 5 seats, and our target was 3 men and 2 women out of 20 men and 5 women. 

After we interviewed all of the candidates and reviewed their technical exam, we had an all hands call to discuss who we were going to give offers to. We said to cut down the bottom 25% of the technical exam (which had blind scoring) and then we would review the remaining candidates. When we looked through the list and picked the definite offers (4 guys really crushed it), we realized we had a problem, all of the women scored within the bottom 25% of the test. In fact, there was a LARGE gap between the top-scoring woman and the bottom-scoring man. 

We were then stuck on the call for an hour trying to figure out which woman would make the best to fill that one seat even though they all had a black ball against them from the in person interviews from being ill-prepared (from other women at the firm, not just my male colleagues). We had to overlook several well-qualified men to fill and seat with an unqualified woman, which just pisses me off.

How does anyone think this is the best way to get women in finance?",CurveArtistic,t2_971x9iks,0.96,616,192
625,126sljm,2023-03-30,MensRights,I legally changed my sex to woman,"Yep. I finally did it, Iâ€™m legally a woman now. Thereâ€™s so many privileges and advantages you get in my country (Spain) for being a women that I was forced to go change my sex. The list of privileges women get in Spain is VAST, so itâ€™s deffo worth it.

It was a very easy process, I just had to state I identified as a woman and would like to be considered - legally - as such. Took like 5 minutes.

Anyways, now I get to enjoy the extra privileges, rights and advantages of the â€œopressedâ€.



EDIT: 
A ton of people are asking me what privileges and extra rights are given to females in Spain and Iâ€™ve tried responding to everyone but itâ€™s just better to [add them here.](https://www.reddit.com/r/MensRights/comments/126sljm/i_legally_changed_my_sex_to_woman/jeavb82/?utm_source=share&utm_medium=ios_app&utm_name=ioscss&utm_content=1&utm_term=1&context=3)

Itâ€™s deffo not all of them. For a more detailed list, you can visit [this site,](https://diferenciaslegaleshombremujerenespana.law.blog/) itâ€™s in spanish but you can translate it if you want. Thereâ€™s over 400 of them listed but the blog post mentions he canâ€™t list all of them because heâ€™s just one person and it would take him an enormous amount of time to list every single law passed to discriminate against men.",Flat-Profession3325,t2_kl69u20g,0.85,1001,368
634,f67kj4,2020-02-19,MensRights,Japanese woman to white women,,GlennQuagmireEsq,t2_dy03nl9,0.86,2592,393
642,odi2ma,2021-07-04,MensRights,"""Emotional labour"" is the term women use when they emotionally abuse men.","After reading [this](https://www.reddit.com/r/MensRights/comments/lums86/woman_realizes_shes_been_accidentally_abusing_her/?utm_medium=android_app&utm_source=share), I started thinking about the all too common story of the husband who has no self-confidence left. Reading [this](https://www.reddit.com/r/MensRights/comments/ocxwrc/why_are_so_many_women_unaware_of_the_emotional/?utm_medium=android_app&utm_source=share), however, really set me off to writing this post.

""[Emotional labor](https://www.psychologytoday.com/ca/blog/emotional-labor-in-the-workplace/202004/emotional-labor-what-it-is-and-what-it-is-not) is the regulation of oneâ€™s feelings at oneâ€™s job."" Although, as acknowledged by the article linked, the meaning has been stretched to mean, ""[Women planning things.](https://www.harpersbazaar.com/culture/features/a12063822/emotional-labor-gender-equality/)""

Both cases of ""emotional labour"" (and all other cases that include its stretched definition) have one thing in common: an abusive woman.

Picture this: You're a husband who works a job, and are trying to help around the house. Good for you, right? Except, before anything else, you'll be [berated](https://www.katykatikate.com/the-blog/2019/5/7/so-you-want-to-help-around-the-house) for not being a perfect mind-reading magician and doing so earlier. 

Then comes the fun part: Nothing you do will satisfy her. You'll be scolded and called ""incompetent"" for getting the tiniest of details wrong. You're not good enough, and you never will be. Not unless you read her mind perfectly, because she can't bother explaining things to you; she shouldn't have to.

Any confidence you had in yourself is gone, and you stop doing those things you wanted to; you always get them wrong, anyways. This is the real kicker: Now you'll be blamed for not doing enough. You're now a lazy bum, a manchild, a mama's boy. You depend on her for everything, and she can't take it, so she takes it out on you. ""I don't have to ask you to help! You should know already!"". That's the part that gets you. ""You should know already."" You should already know what she needs help doing. You should already be doing the thing. You should already know exactly how to do the thing, to the last detail. You should already know all that, and the only reason you don't is because you're not good enough.

But oh no, you're not the victim in all this; she is, because she's doing the ""emotional labour"". Stop thinking your feelings are valid; they're just a manifestation of your ""fragile male ego"" that ""needs constant appeasing"". She doesn't need to caress your ego. You need to be the man she needs you to be, because you're not good enough.",Hey_itsmeguys,t2_a3edilh8,0.86,1730,314
651,t8ot5r,2022-03-07,MensRights,Women who hug,"I met a woman the other day (it does happen). Someone I didn't know; someone I'm likely to be working with a lot in the next few weeks. I should preface my remarks with the fact that I hold this woman in very high regard; she's very skilled at her job and I was the decision-maker in hiring her. She's delightful company professionally; I barely know her personally. She's also conventionally very attractive and a good fifteen years my junior.

The first thing she did, on our first meeting after the interview, was approach me for a hug. I instinctively recoiled, and a look of some confusion and offence crossed her face. It was awkward. I hated doing it. But ""I don't do hugs,"" I explained. ""Not in this me-too world.""

She literally gaped at me in absolute astonishment.

Naturally, since this particular woman is, as far as I know, a completely reasonable and sane individual, her reaction was to start explaining that I was overreacting and she has *no* intention of taking any action against me, and it's probably true. The harder-line feminists of the world would probably lecture me on the idea that if I don't give her any reason to object then I won't suffer the consequences, but as I say, I don't know this woman personally. I don't know how easy she is to irritate. I don't know how angry she gets, how quickly, and [it is a material fact that women are more likely to exhibit negative emotion than men](https://www.psychologytoday.com/gb/blog/sexual-personalities/201504/are-women-more-emotional-men).

But even if we assume they're right and it's rare - and it probably is - the problem with is, as we're all painfully aware, it's a huge risk to take. In many modern western countries, any woman has the arbitrary power to have any man arrested, publicly pilloried as a sex pest and permanently deny him a social life and a career, that is, to completely destroy his life, even if the case never goes to trial ([and sometimes they do](https://www.itv.com/news/london/2016-02-16/commuter-cleared-of-ludicrous-sex-assault-warns-the-same-could-happen-to-any-man); that example is rare only in that the guy was exonerated and received a lot of publicity; the woman, who was obviously lying, was not prosecuted).

Honestly, refusing this woman a hug was probably pointless in any case. If she even *claimed* I'd touched her in a way she didn't like, I'd be instantly arrested, even if I actually hadn't; I feel like I'm giving myself the best possible chance, but I have no real confidence in that.

Still, this is where we now are. This is the world in which we have to exist. This is what a minority of feminist activists wanted, and they got it. So, woman-I-just-hired, I apologise for what happened on Saturday, but it's because of the fact that every woman I meet is effectively a ticking time bomb capable of destroying my life for any reason, or none at all.",Huffers1010,t2_a0xsse2g,0.89,538,197
657,39i3i4,2015-06-11,MensRights,Reddit Takes Down Post About Woman-on-Man Sexual Assault,,Toraichian,t2_8mxfb,0.78,14948,931
750,17offqr,2023-11-05,NuxTakuSubmissions,Which pill would you choose,,AJ_Ad_3136,t2_gdgupcki,0.99,1043,189
779,174jwme,2023-10-10,NuxTakuSubmissions,Who do you hate the most,,AJ_Ad_3136,t2_gdgupcki,1.0,550,141
